{"params": {"learning_rate": 0.05, "bAB_E": -2.030912491228514, "sAB_E": 1.8476816394493856, "bt_E": -1.6265904292319298, "st_E": -3.709296958744482, "bAB_I": -4.85996679685065, "sAB_I": -7.643931878279661, "softplus_threshold": 73}, "score": 0.5502806897901211}