{"params": {"learning_rate": 0.1, "bAB_E": 0.19410273631713348, "sAB_E": 3.895985269143918, "bt_E": -0.5203235921357683, "st_E": -3.902696035556734, "bAB_I": 2.7726454482949183, "sAB_I": -8.055130833389109, "softplus_threshold": 48}, "score": 0.5268986957446972}