{"params": {"learning_rate": 0.1, "bAB_E": -1.4487309505526529, "sAB_E": 8.518407597043394, "bt_E": -3.6210560113432955, "st_E": -7.238547943473046, "bAB_I": -7.251382374594488, "sAB_I": -7.0744726657090755, "softplus_threshold": 44}, "score": 0.56017764478305}