{"params": {"learning_rate": 0.001, "bAB_E": 6.162759361436507, "sAB_E": 1.8506189714273247, "bt_E": 7.6310309606680065, "st_E": -7.929728464870153, "bAB_I": 2.9106022140298187, "sAB_I": -4.593900839517019, "softplus_threshold": 75}, "score": 0.057182543307480155}