{"params": {"learning_rate": 0.1, "bAB_E": 0.830064208092484, "sAB_E": 4.346928776296842, "bt_E": -1.1181869268060298, "st_E": -3.8396940815984726, "bAB_I": 3.219447463265705, "sAB_I": -0.355812269428587, "softplus_threshold": 92}, "score": 0.4559329148317788}