{"params": {"learning_rate": 0.05, "bAB_E": -1.026687315701573, "sAB_E": 3.4427744183767133, "bt_E": -0.1555155350316908, "st_E": -1.2906392601169514, "bAB_I": -3.2613885265888074, "sAB_I": -2.6305870917421164, "softplus_threshold": 88}, "score": 0.6584159940152984}