{"params": {"learning_rate": 0.1, "bAB_E": 0.12239622275040785, "sAB_E": 4.1252036391018425, "bt_E": -4.488991464059912, "st_E": -8.828722000019415, "bAB_I": -6.033395455949335, "sAB_I": -6.267495507106266, "softplus_threshold": 15}, "score": 0.5297216222966432}