{"params": {"learning_rate": 0.05, "bAB_E": 0.4320991563612215, "sAB_E": 0.36044967919996074, "bt_E": -0.6482380264178235, "st_E": -2.7855677723437537, "bAB_I": -0.5, "sAB_I": -3, "softplus_threshold": 31}, "score": 0.647445856761008}