,sample_size,p_threshold,r2_pos,r2_neg,mse_pos,mse_neg
0,50,0.01,0.11041633146800878,-0.12244461481411317,0.00018465242268902684,0.0002329877725854676
